{"4_40": 3.0777390003204346, "4_20": 1.3484158515930176, "50_20": 6.26652193069458, "8_40": 3.370176076889038, "20_80": 9.140876054763794, "20_20": 3.153233051300049, "4_80": 5.507828950881958, "20_40": 5.0903990268707275, "16_80": 8.308213949203491, "12_80": 7.950923919677734, "8_20": 1.8453071117401123, "8_80": 5.761416912078857, "12_40": 4.309875965118408, "16_40": 4.7361228466033936, "12_20": 2.093780040740967, "16_20": 2.7880680561065674, "50_40": 9.804513931274414, "50_80": 18.13216495513916}