{"2": -2.8284271247461894, "3": -4.0, "4": -5.226251859505506, "5": -6.472135954999574, "6": -7.727406610312547, "7": -8.987918414869888, "8": -10.251661790966025, "9": -11.517540966287248, "10": -12.784906442999342}