{"4_20": 0.27625608444213867, "4_40": 0.4593489170074463, "4_80": 0.9019582271575928, "8_20": 0.43216919898986816, "8_40": 0.7138090133666992, "8_80": 1.5129919052124023, "12_20": 0.5619328022003174, "12_40": 1.0651321411132812, "12_80": 2.1236166954040527, "16_20": 0.7317612171173096, "16_40": 1.3729798793792725, "16_80": 2.858708143234253, "20_20": 0.9829971790313721, "20_40": 1.6640739440917969, "20_80": 3.215095043182373, "50_20": 2.16560697555542, "50_40": 4.00337815284729, "50_80": 8.144461870193481, "100_20": 4.0857837200164795, "100_40": 8.38717007637024, "100_80": 16.07522988319397}